,City Name,City ID,Cloudiness,Date,Humidity,Latitude,Longitude,Max Temp,Min Temp,Wind Speed
0,babushkin,2027276,0,1570051887,60,51.72,105.86,38.31,38.31,6.44
1,port elizabeth,212962,6,1570051887,78,-7.04,29.76,67.04,67.04,2.71
2,mataura,6201424,98,1570051888,93,-46.19,168.86,46.0,46.0,3.0
3,nikolskoye,546105,75,1570051888,81,59.7,30.79,42.8,42.01,6.71
4,airai,1651810,0,1570051888,58,-8.93,125.41,68.53,68.53,2.95
5,rikitea,4030556,100,1570051888,86,-23.12,-134.97,61.86,61.86,10.13
6,qingdao,1797929,0,1570051889,82,36.09,120.35,57.2,57.2,2.24
7,pereira barreto,3672486,40,1570051889,73,4.81,-75.69,75.2,69.8,3.36
8,busselton,2075265,76,1570051889,67,-33.64,115.35,55.99,54.0,9.4
9,bethel,5880568,90,1570051604,87,60.79,-161.76,50.0,48.2,12.75
10,vila velha,3164565,0,1570051890,82,45.18,8.4,66.0,55.0,5.82
11,arraial do cabo,6322152,0,1570051891,22,-22.84,-46.65,91.4,84.2,6.93
12,annau,162199,40,1570051891,47,37.89,58.52,59.0,59.0,2.24
13,alugan,1731248,43,1570051891,96,12.22,125.48,73.38,73.38,1.54
14,tuktoyaktuk,6170031,75,1570051892,86,69.44,-133.03,39.2,39.2,10.29
15,imbituba,3461370,0,1570051892,78,-28.24,-48.67,73.4,73.4,10.29
16,bluff,2175403,0,1570051892,76,-23.58,149.07,62.32,62.32,14.56
17,honningsvag,779554,75,1570051594,69,70.98,25.97,39.2,37.4,16.11
18,lompoc,5367788,1,1570051892,25,34.64,-120.46,80.6,72.0,13.87
19,east london,235489,100,1570051892,94,3.43,31.7,69.54,69.54,2.17
20,mount isa,2654993,77,1570051893,93,53.66,-1.85,46.4,37.0,3.36
21,vaini,1273574,31,1570051893,94,15.34,74.49,74.67,74.67,1.66
22,nadym,1498087,100,1570051893,93,65.53,72.51,47.15,47.15,19.3
23,zyryanskoye,1484892,89,1570051893,84,56.83,86.62,39.99,39.99,9.82
24,san quintin,2451778,35,1570051802,60,13.3,-4.9,81.76,81.76,7.94
25,amahai,1651591,67,1570051894,87,-3.31,129.0,76.56,76.56,6.31
26,severo-kurilsk,2121385,100,1570051894,93,50.68,156.12,48.18,48.18,14.34
27,chuy,3443061,100,1570051894,88,-33.69,-53.46,54.76,54.76,23.89
28,jaguaruna,3460197,69,1570051895,88,-28.62,-49.03,66.73,66.73,5.41
29,mitu,117392,0,1570051895,47,36.2,46.09,51.43,51.43,2.04
30,avera,4231997,40,1570051895,36,33.19,-82.53,96.8,91.99,1.39
31,vila franca do campo,3164565,0,1570051895,82,45.18,8.4,66.0,55.0,5.82
32,bredasdorp,1015776,76,1570051896,87,-34.53,20.04,57.2,57.2,6.93
33,hobart,2163355,0,1570051896,62,-42.88,147.33,55.0,48.0,10.29
34,tuatapere,2180815,100,1570051896,93,-46.13,167.69,46.0,46.0,3.0
35,necochea,3430443,0,1570051896,69,-38.55,-58.74,46.0,46.0,1.99
36,ushuaia,3833367,75,1570051897,75,-54.81,-68.31,44.6,42.8,31.09
37,vardo,4372777,1,1570051897,36,39.62,-77.74,91.99,87.01,12.75
38,vostok,2013279,92,1570051897,91,46.45,135.83,58.67,58.67,3.51
39,hobyo,57000,86,1570051897,88,5.35,48.53,77.66,77.66,11.12
40,chokurdakh,2126123,99,1570051897,94,70.62,147.9,25.73,25.73,14.25
41,alta floresta,847633,90,1570051898,74,69.97,23.27,37.4,35.01,12.75
42,puerto ayora,3838859,75,1570051898,43,-51.62,-69.23,51.8,51.8,24.16
43,castro,3896218,0,1570051898,43,-42.48,-73.76,51.8,51.8,8.05
44,mar del plata,1281368,26,1570051898,71,29.86,90.73,33.09,33.09,3.31
45,albany,5106834,90,1570051899,82,42.65,-73.75,64.4,51.01,8.05
46,hay river,2163774,0,1570051899,42,-34.51,144.84,63.53,63.53,17.25
47,ilulissat,3423146,100,1570051900,34,69.22,-51.1,48.2,48.2,21.92
48,yellowknife,6185377,75,1570051900,50,62.45,-114.38,51.8,51.01,11.41
49,esperance,2071860,40,1570051900,100,-33.86,121.89,55.4,55.4,8.05
50,vilhena,3924679,20,1570051901,65,-12.74,-60.15,82.4,82.4,6.93
51,deputatskiy,2028164,100,1570051901,87,69.3,139.9,20.96,20.96,24.4
52,waipawa,2185329,0,1570051901,62,-39.94,176.59,46.9,46.9,11.95
53,mao,3496831,40,1570051902,100,19.55,-71.08,78.8,75.0,6.93
54,acajutla,3587498,40,1570051707,69,13.59,-89.83,80.6,80.6,3.36
55,lorengau,2092164,80,1570051902,82,-2.02,147.27,78.45,78.45,3.96
56,sorland,3137469,20,1570051902,64,67.67,12.69,35.6,35.6,5.82
57,punta arenas,1720681,75,1570051903,83,14.18,121.12,77.0,73.0,4.7
58,tessalit,2449893,0,1570051903,9,20.2,1.01,91.47,91.47,7.34
59,saint-philippe,6138908,75,1570051903,62,45.36,-73.48,54.0,50.0,12.75
60,faanui,4034551,99,1570051903,75,-16.48,-151.75,77.01,77.01,16.6
61,butaritari,2110227,100,1570051903,62,3.07,172.79,84.64,84.64,5.19
62,atuona,4020109,4,1570051904,73,-9.8,-139.03,79.46,79.46,9.78
63,berlevag,780687,75,1570051904,74,70.86,29.09,37.4,33.8,27.51
64,ipameri,3461151,10,1570051904,21,-17.72,-48.16,87.88,87.88,3.71
65,dikson,1507390,2,1570051904,77,73.51,80.55,26.04,26.04,19.77
66,leshukonskoye,535839,100,1570051905,95,64.9,45.76,34.08,34.08,12.73
67,hamilton,5969785,90,1570051755,93,43.26,-79.87,59.0,54.0,14.99
68,westport,4845585,1,1570051849,74,41.14,-73.36,84.2,75.99,4.7
69,launceston,2160517,0,1570051906,100,-41.43,147.14,52.0,44.01,1.28
70,sao joao da barra,1275117,31,1570051698,97,20.51,76.21,71.29,71.29,5.68
71,avarua,4035715,100,1570051671,61,-21.21,-159.78,77.0,77.0,11.41
72,cape town,3872326,40,1570051906,44,-36.41,-71.9,57.2,55.0,6.93
73,jaciara,3460355,100,1570051906,61,-15.95,-54.98,81.67,81.67,6.42
74,hermanus,3366880,99,1570051650,96,-34.42,19.24,59.0,55.0,1.01
75,tiksi,2015306,99,1570051907,92,71.64,128.87,27.15,27.15,22.77
76,ponta do sol,3662489,77,1570051907,67,-0.53,-65.05,83.91,83.91,2.06
77,broome,2656067,75,1570051908,76,52.47,1.45,51.01,42.01,9.17
78,lisakovsk,1521315,90,1570051909,46,52.55,62.49,43.41,43.41,8.23
79,solnechnyy,2016307,100,1570051909,90,50.72,136.64,34.3,34.3,4.25
80,nome,4732862,40,1570051909,44,30.04,-94.42,93.2,84.99,8.05
81,pedregal,3841708,0,1570051909,11,-32.96,-68.68,62.6,62.6,6.93
82,georgetown,3378644,20,1570051784,74,6.8,-58.16,86.0,84.2,9.17
83,isangel,2136825,90,1570051910,88,-19.55,169.27,69.8,69.8,18.41
84,yanam,1252795,89,1570051910,89,16.73,82.22,76.33,76.33,4.59
85,rizhao,1797132,0,1570051910,58,35.43,119.46,60.31,60.31,2.91
86,new norfolk,2274890,75,1570051720,94,6.65,-10.59,77.0,77.0,7.4
87,fortuna,5563839,20,1570051911,51,40.6,-124.16,69.01,59.0,6.93
88,mattru,2409215,100,1570051911,94,7.62,-11.83,75.21,75.21,3.11
89,yar-sale,1486321,100,1570051626,93,66.83,70.83,46.34,46.34,14.12
90,praya,1630662,40,1570051911,88,-8.71,116.27,75.2,75.2,2.24
91,vestmannaeyjar,3412093,100,1570051686,75,63.44,-20.27,46.0,46.0,40.18
92,nenjiang,2035601,100,1570051912,59,49.17,125.23,34.66,34.66,8.81
93,hasaki,2112802,75,1570051912,100,35.73,140.83,64.0,62.6,2.24
94,leh,1264976,0,1570051912,39,34.16,77.58,30.48,30.48,0.6
95,tsogni,2400547,94,1570051912,80,-2.79,10.1,76.4,76.4,8.57
96,kardailovo,552568,93,1570051913,59,51.54,53.9,53.88,53.88,6.69
97,helong,1808534,0,1570051913,65,25.94,116.13,70.06,70.06,1.14
98,scarborough,2638419,22,1570051827,76,54.28,-0.41,52.0,46.99,4.7
99,ust-kuyga,2013921,100,1570051913,88,70.0,135.55,25.06,25.06,13.24
100,corn island,3018505,90,1570051914,93,44.61,1.9,55.0,50.0,11.41
101,valdivia,3868707,20,1570051662,44,-39.81,-73.25,59.0,59.0,9.17
102,nishihara,1850144,90,1570051630,77,35.74,139.53,75.99,64.0,7.16
103,jamestown,2069194,0,1570051914,91,-33.21,138.6,48.32,48.32,3.51
104,upernavik,3418910,0,1570051914,71,72.79,-56.15,37.05,37.05,11.48
105,high level,4705086,1,1570051829,46,33.61,-95.75,96.01,91.99,10.29
106,narsaq,3421719,75,1570051915,28,60.91,-46.05,55.4,55.4,21.92
107,hilo,5855927,90,1570051681,78,19.71,-155.08,78.8,69.01,16.11
108,inirida,3671450,91,1570051915,61,3.87,-67.92,89.27,89.27,2.51
109,leningradskiy,2123814,100,1570051915,94,69.38,178.42,29.83,29.83,15.64
110,saldanha,2737599,16,1570051916,48,41.42,-6.55,61.51,61.51,2.13
111,kamina,214614,0,1570051916,66,-8.74,25.0,68.68,68.68,3.98
112,turukhansk,1488903,100,1570051916,96,65.8,87.96,37.88,37.88,6.42
113,beroroha,1066831,0,1570051917,58,-21.68,45.17,77.26,77.26,9.64
114,alofi,4036284,40,1570051917,74,-19.06,-169.92,80.6,80.6,6.93
115,biak,1637001,7,1570051917,96,-0.91,122.88,60.18,60.18,3.04
116,santa ines,1688420,82,1570051917,74,17.49,120.43,83.1,83.1,7.18
117,kapaa,5848280,75,1570051917,74,22.08,-159.32,84.2,82.0,16.11
118,rincon,3711668,40,1570051918,78,8.46,-82.28,78.8,78.8,9.17
119,dawson creek,4249472,90,1570051918,70,39.85,-89.46,89.01,80.01,6.49
120,hervey bay,4128966,20,1570051918,36,33.5,-93.78,95.0,91.99,11.41
121,kahului,5847411,40,1570051918,78,20.89,-156.47,84.0,78.01,14.99
122,kurchum,1521762,0,1570051919,45,48.57,83.65,41.48,41.48,3.4
123,barrow,3833859,0,1570051919,51,-38.31,-60.23,50.57,50.57,10.94
124,tuy hoa,1680554,75,1570051919,83,14.02,120.73,77.0,73.99,4.7
125,fuerte olimpo,1713558,82,1570051920,74,17.54,120.36,83.1,83.1,7.18
126,uruguaiana,3445679,90,1570051921,88,-29.77,-57.08,69.8,69.8,13.87
127,longyearbyen,2729907,75,1570051921,92,78.22,15.63,32.0,32.0,14.99
128,grand river south east,2990682,0,1570051921,81,48.39,5.49,46.4,41.0,8.05
129,qaanaaq,3831208,50,1570051921,77,77.48,-69.36,23.77,23.77,4.43
130,smithers,6149996,90,1570051868,87,54.78,-127.17,48.2,48.2,5.82
131,quelimane,1028434,40,1570051922,100,-17.88,36.89,69.8,69.8,4.7
132,richards bay,5043181,90,1570051922,81,46.84,-95.91,46.4,44.01,8.05
133,port lincoln,212962,6,1570051924,78,-7.04,29.76,67.04,67.04,2.71
134,lebu,344979,40,1570051924,77,8.96,38.73,59.0,59.0,4.7
135,nipawin,6088469,75,1570051925,49,53.36,-104.02,46.4,46.4,9.17
136,caravelas,3466980,0,1570051925,74,-17.73,-39.27,72.49,72.49,7.47
137,souillac,3026644,0,1570051925,87,45.6,-0.6,59.0,53.01,3.36
138,sitka,4267710,54,1570051926,96,37.17,-99.65,55.0,55.0,20.0
139,shimoda,1852357,4,1570051926,89,34.7,138.93,68.0,64.99,4.83
140,barra do garcas,3470821,84,1570051926,34,-11.09,-43.14,84.07,84.07,2.33
141,solano,3667868,91,1570051926,96,0.7,-75.25,75.03,75.03,3.0
142,khash,1160571,0,1570051927,57,28.22,61.21,56.26,56.26,1.5
143,porto novo,2735943,0,1570051927,93,41.15,-8.61,64.0,57.0,2.24
144,north vernon,2350813,100,1570051643,95,4.97,7.66,72.35,72.35,1.97
145,port alfred,212962,6,1570051743,78,-7.04,29.76,67.04,67.04,2.71
146,guerrero negro,3836564,90,1570051927,72,-24.19,-65.45,59.0,59.0,5.82
147,clyde river,2192264,100,1570051928,62,-45.19,169.32,41.0,41.0,1.99
148,kodiak,4407665,90,1570051928,94,39.95,-94.76,78.01,59.0,4.7
149,ancud,3899695,0,1570051928,43,-41.87,-73.83,51.8,51.8,8.05
150,petropavlovsk-kamchatskiy,2122104,75,1570051928,81,53.05,158.65,48.2,48.2,4.47
151,shetpe,608324,16,1570051929,61,44.14,52.16,61.57,61.57,1.16
152,adrar,2508813,0,1570051929,13,27.87,-0.29,89.6,89.6,8.05
153,zhigansk,2012530,63,1570051929,92,66.77,123.37,20.19,20.19,5.23
154,sistranda,3139597,75,1570051929,76,63.73,8.83,50.0,48.2,9.17
155,wenling,1791464,0,1570051929,63,28.38,121.38,77.0,70.0,2.53
156,vanimo,2084442,98,1570051930,76,-2.67,141.3,80.72,80.72,3.83
157,beringovskiy,2126710,100,1570051930,75,63.05,179.32,33.15,33.15,2.62
158,saskylakh,2017155,1,1570051930,84,71.97,114.09,14.57,14.57,1.63
159,cabarroguis,1721777,47,1570051930,94,16.51,121.53,69.29,69.29,1.5
160,lopatino,492376,99,1570051930,70,53.85,39.47,54.0,54.0,4.0
161,tiznit,2527089,0,1570051931,71,29.7,-9.73,72.22,72.22,31.74
162,buritizeiro,3468720,0,1570051931,30,-17.37,-44.96,83.38,83.38,4.9
163,hithadhoo,1282256,100,1570051931,81,-0.6,73.08,81.87,81.87,17.16
164,cidreira,3466165,100,1570051931,87,-30.17,-50.22,65.29,65.29,10.96
165,kaitangata,2208248,100,1570051932,63,-46.28,169.85,48.99,48.99,5.01
166,bud,7626370,90,1570051932,81,62.91,6.91,48.2,41.0,6.93
167,leyland,2644547,0,1570051932,93,53.69,-2.7,45.0,37.99,3.36
168,griffith,2164422,0,1570051933,42,-34.29,146.06,64.4,62.6,8.48
169,cayenne,3382160,0,1570051933,66,4.94,-52.33,86.0,86.0,9.17
170,bereda,3105522,0,1570051933,87,43.27,-7.54,59.0,48.99,2.19
171,thompson,6165406,5,1570051933,37,55.74,-97.86,50.0,50.0,9.17
172,provideniya,4031574,90,1570051933,86,64.42,-173.23,41.0,41.0,20.13
173,kerema,2094144,96,1570051934,87,-7.96,145.78,77.59,77.59,11.74
174,denpasar,1645528,40,1570051934,88,-8.65,115.22,77.0,77.0,5.82
175,birjand,140463,0,1570051934,25,32.86,59.22,62.6,62.6,9.17
176,kruisfontein,986717,100,1570051935,38,-34.0,24.73,65.6,65.6,5.44
177,gasa,1252578,99,1570051935,96,27.91,89.73,33.49,33.49,4.07
178,nichinan,1855476,75,1570051935,100,31.65,131.31,73.4,73.0,6.93
179,jalu,86049,0,1570051935,28,29.03,21.55,78.61,78.61,11.3
180,karratha,6620339,0,1570051936,26,-20.74,116.85,76.85,76.85,11.25
181,aksarka,1512019,52,1570051936,81,66.56,67.8,41.35,41.35,16.67
182,beyneu,610298,93,1570051936,42,45.32,55.19,59.35,59.35,17.98
183,mayna,1499158,0,1570051937,55,53.0,91.49,29.26,29.26,4.61
184,san juan,2451778,35,1570051802,60,13.3,-4.9,81.76,81.76,7.94
185,mazamari,3935102,100,1570051809,96,-11.33,-74.53,43.89,43.89,3.38
186,luebo,210939,73,1570051938,79,-5.35,21.42,73.18,73.18,0.43
187,bathsheba,3374083,40,1570051771,66,13.22,-59.52,86.0,86.0,14.99
188,port blair,212962,6,1570051924,78,-7.04,29.76,67.04,67.04,2.71
189,bambous virieux,934778,75,1570051938,94,-20.26,57.41,73.99,73.4,12.75
190,carnarvon,1014034,0,1570051939,18,-30.97,22.13,59.43,59.43,8.16
191,lermontovka,2020824,90,1570051939,92,47.15,134.34,53.34,53.34,8.57
192,san borja,2451778,35,1570051802,60,13.3,-4.9,81.76,81.76,7.94
193,raudeberg,3146487,0,1570051939,76,61.99,5.14,51.01,45.0,9.17
194,huanren,2036713,6,1570051939,78,41.26,125.37,52.96,52.96,3.47
195,kajaani,654901,0,1570051940,69,64.22,27.73,35.6,35.6,6.93
196,marawi,1701054,84,1570051940,91,8.0,124.29,73.99,73.99,3.0
197,mangan,1263776,99,1570051940,89,27.5,88.54,54.76,54.76,2.39
198,dunedin,2191562,100,1570051718,61,-45.87,170.5,48.99,48.99,20.0
199,luanda,2240449,75,1570051692,88,-8.83,13.24,75.2,75.2,12.75
200,lesosibirsk,1500607,100,1570051941,88,58.22,92.49,41.23,41.23,9.48
201,kiunga,2093846,33,1570051941,99,-6.12,141.3,71.58,71.58,0.16
202,itarema,3393692,0,1570051941,69,-2.92,-39.92,77.59,77.59,11.95
203,crotone,2524881,67,1570051942,55,39.09,17.12,69.87,69.87,7.56
204,oranjemund,3354071,0,1570051942,93,-28.55,16.43,57.52,57.52,7.96
205,tual,1623197,96,1570051942,83,-5.67,132.75,79.37,79.37,12.86
206,awjilah,88533,0,1570051942,28,29.14,21.3,78.36,78.36,14.12
207,khuzdar,7082481,99,1570051942,47,27.8,66.62,67.63,67.63,2.39
208,okha,2122614,48,1570051943,62,53.59,142.95,40.8,40.8,26.33
209,tabou,2281120,23,1570051943,95,4.42,-7.36,74.38,74.38,3.85
210,otane,2185329,0,1570051943,62,-39.89,176.62,46.9,46.9,11.95
211,namibe,3347019,62,1570051944,83,-15.19,12.15,65.26,65.26,11.3
212,mys shmidta,556146,93,1570051944,94,62.06,48.62,43.55,43.55,4.52
213,vesyegonsk,473943,4,1570051944,93,58.67,37.27,41.89,41.89,6.49
214,mayumba,2399001,98,1570051944,83,-3.44,10.65,76.69,76.69,6.02
215,carutapera,3402648,61,1570051945,73,-1.2,-46.02,80.85,80.85,9.17
216,acapulco,3533462,75,1570051945,74,16.86,-99.88,86.0,86.0,9.17
217,irece,3461013,46,1570051824,37,-11.3,-41.86,81.3,81.3,9.71
218,puerto penasco,3838859,75,1570051945,43,-51.62,-69.23,51.8,51.8,24.16
219,caucaia,3402429,20,1570051946,69,-3.73,-38.66,80.6,80.6,14.99
220,sao filipe,1275117,31,1570051698,97,20.51,76.21,71.29,71.29,5.68
221,port hardy,212962,6,1570051947,78,-7.04,29.76,67.04,67.04,2.71
222,soyo,2236967,49,1570051947,84,-6.13,12.37,77.16,77.16,9.44
223,trollhattan,2667303,100,1570051947,87,58.28,12.29,45.0,42.8,8.05
224,puerto escondido,3838859,75,1570051945,43,-51.62,-69.23,51.8,51.8,24.16
225,katsuura,1865309,75,1570051948,83,33.93,134.5,77.0,75.0,29.97
226,norman wells,4543762,1,1570051948,46,35.22,-97.44,91.99,87.01,14.99
227,port hedland,212962,6,1570051743,78,-7.04,29.76,67.04,67.04,2.71
228,santander,1687965,40,1570051948,83,9.42,123.33,77.0,77.0,4.7
229,teya,3526662,40,1570051949,62,21.05,-89.07,89.6,89.01,9.17
230,gat,2249901,87,1570051949,83,14.69,-16.54,84.2,82.4,6.93
231,ghatanji,1271343,13,1570051949,90,20.14,78.32,73.72,73.72,2.84
232,urusha,2014078,99,1570051949,66,54.05,122.9,27.85,27.85,2.84
233,oga,3175788,75,1570051950,86,46.46,10.35,44.6,37.99,6.93
234,contamana,3697838,61,1570051950,37,-7.35,-75.01,93.37,93.37,1.83
235,kaseda,1859964,75,1570051950,100,31.42,130.32,73.4,73.0,6.93
236,bonthe,2409914,100,1570051950,87,7.53,-12.5,78.38,78.38,7.36
237,coihaique,3894426,40,1570051950,49,-45.58,-72.07,51.8,46.4,8.05
238,marquette,5000947,90,1570051951,75,46.54,-87.4,50.0,46.0,12.75
239,kaduna,2335727,100,1570051732,94,10.52,7.44,71.56,71.56,2.21
240,ajdabiya,89113,0,1570051951,57,30.75,20.22,78.52,78.52,12.95
241,kenai,5866063,90,1570051951,75,60.55,-151.26,48.0,46.4,6.15
242,ribeira grande,2736041,0,1570051952,93,41.76,-8.56,61.0,55.0,3.36
243,luderitz,3355672,0,1570051952,91,-26.65,15.16,55.65,55.65,18.48
244,dangara,1254274,33,1570051952,74,29.68,75.89,76.29,76.29,5.66
245,pitimbu,3391889,0,1570051952,78,-7.47,-34.81,77.0,77.0,9.17
246,scottsbluff,5699404,40,1570051953,62,41.87,-103.67,53.6,50.0,6.93
247,port moresby,212962,6,1570051947,78,-7.04,29.76,67.04,67.04,2.71
248,beisfjord,3144987,0,1570051953,55,68.38,17.6,37.99,30.99,17.22
249,buri,3468802,34,1570051953,44,-23.8,-48.6,80.11,80.11,3.76
250,byron bay,4185553,1,1570051953,39,32.65,-83.76,96.8,93.0,3.36
251,beloha,1067565,100,1570051954,78,-25.17,45.06,70.28,70.28,12.75
252,piacabucu,3454005,0,1570051954,77,-10.41,-36.43,77.34,77.34,14.9
253,cabatuan,1721714,55,1570051954,89,16.95,121.67,71.18,71.18,1.63
254,grande prairie,2918121,75,1570051955,87,53.58,10.38,50.0,46.0,14.99
255,mahebourg,934322,75,1570051955,94,-20.41,57.7,73.99,73.4,12.75
256,hualmay,3939761,65,1570051955,88,-11.1,-77.61,62.0,62.0,15.75
257,victoria,1733782,75,1570051661,88,5.28,115.24,78.8,75.0,3.36
258,kavaratti,1267390,22,1570051759,76,10.57,72.64,81.64,81.64,7.78
259,oriximina,3393471,0,1570051955,41,-1.77,-55.87,93.64,93.64,5.84
260,ibra,287832,61,1570051956,42,22.69,58.55,80.09,80.09,3.33
261,pipirig,670777,0,1570051956,82,47.23,26.08,63.0,57.0,8.05
262,san cristobal,2451778,35,1570051802,60,13.3,-4.9,81.76,81.76,7.94
263,korgen,3149492,0,1570051957,51,66.08,13.83,39.2,33.01,8.05
264,gorontalo,1643837,59,1570051957,90,0.54,123.06,71.54,71.54,2.73
265,iaciara,3461641,0,1570051957,21,-14.1,-46.63,89.18,89.18,5.3
266,havre-saint-pierre,5972291,1,1570051957,36,50.23,-63.6,48.2,48.2,10.29
267,kupino,1501365,75,1570051957,66,54.36,77.31,40.62,40.62,9.04
268,gravelbourg,5965462,100,1570051958,92,49.88,-106.56,39.9,39.9,5.26
269,samut sakhon,1607244,66,1570051958,99,14.7,103.31,80.01,80.01,3.13
270,pochutla,3517970,75,1570051958,70,15.74,-96.47,86.0,84.2,5.82
271,vetapalem,1253220,93,1570051958,86,15.78,80.32,78.33,78.33,1.43
272,salalah,286621,40,1570051959,83,17.01,54.1,80.6,80.6,2.24
273,sao sebastiao,1275117,31,1570051738,97,20.51,76.21,71.29,71.29,5.68
274,chapais,5919850,90,1570051959,60,49.78,-74.86,41.0,41.0,9.17
275,pisco,3932145,0,1570051959,30,-13.71,-76.2,71.6,66.0,12.75
276,dali,1814092,50,1570051960,57,34.79,109.94,69.36,69.36,5.97
277,boundiali,2290836,95,1570051960,95,9.53,-6.48,73.25,73.25,4.56
278,ippy,238566,100,1570051960,97,6.26,21.2,69.45,69.45,1.45
279,paamiut,3421193,100,1570051960,58,61.99,-49.67,46.68,46.68,11.27
280,tomatlan,3981391,73,1570051961,75,19.93,-105.25,82.11,82.11,3.58
281,binghamton,5109177,90,1570051724,82,42.1,-75.91,72.0,55.4,16.11
282,kidal,2455290,10,1570051961,19,18.44,1.41,90.78,90.78,6.55
283,lumberton,4708328,40,1570051961,44,30.27,-94.2,93.2,84.99,8.05
284,san patricio,2451778,35,1570051961,60,13.3,-4.9,81.76,81.76,7.94
285,coquimbo,3893629,0,1570051962,54,-29.95,-71.34,59.0,59.0,12.75
286,darhan,2031964,55,1570051962,68,49.49,105.92,27.98,27.98,4.05
287,ketchikan,5554428,90,1570051962,87,55.34,-131.65,51.8,51.8,13.87
288,salta,3838233,0,1570051962,25,-24.79,-65.41,59.0,59.0,8.05
289,panjakent,1220798,0,1570051963,58,39.5,67.61,53.6,53.6,2.24
290,ahipara,2194098,42,1570051963,89,-35.17,173.16,55.99,55.99,17.02
291,nueva gerona,3660422,75,1570051963,58,-1.72,-79.83,84.2,82.99,5.82
292,shelburne,6145890,90,1570051963,81,44.08,-80.2,57.2,52.0,4.7
293,amaraji,3407758,20,1570051964,65,-8.37,-35.45,80.6,80.6,5.82
294,dubbo,2168305,12,1570051964,41,-32.25,148.6,59.0,59.0,5.82
295,khatanga,2022572,0,1570051964,83,71.98,102.47,20.4,20.4,7.96
296,klaksvik,2618795,0,1570051965,81,62.23,-6.59,44.6,44.6,1.12
297,wattegama,1241622,79,1570051965,95,7.35,80.68,72.78,72.78,1.03
298,pevek,2122090,100,1570051965,84,69.7,170.27,29.62,29.62,11.63
299,ladario,2732265,94,1570051966,89,40.7,-7.74,62.01,52.0,0.89
300,milagres,3394884,20,1570051966,26,-7.31,-38.94,93.2,93.2,8.05
301,meulaboh,1214488,100,1570051966,80,4.14,96.13,78.67,78.67,4.61
302,discovery bay,993800,11,1570051966,58,-26.16,27.89,55.99,52.0,9.73
303,atasu,1526041,0,1570051966,35,48.68,71.64,39.88,39.88,6.02
304,eyl,60019,56,1570051967,92,7.98,49.82,72.58,72.58,4.07
305,cherskiy,2126199,19,1570051967,86,68.75,161.3,19.97,19.97,15.19
306,puerto guzman,3838859,75,1570051945,43,-51.62,-69.23,51.8,51.8,24.16
307,makakilo city,7262761,90,1570051968,74,21.35,-158.09,87.01,80.6,11.41
308,samarai,2132606,100,1570051968,92,-10.62,150.67,74.35,74.35,5.86
309,zhangye,1785036,97,1570051968,38,38.94,100.46,52.39,52.39,3.49
310,san luis,2451778,35,1570051802,60,13.3,-4.9,81.76,81.76,7.94
311,tekeli,1518296,0,1570051968,52,44.86,78.76,46.25,46.25,2.55
312,coxim,3465228,100,1570051969,36,-18.5,-54.75,91.68,91.68,7.2
313,novobelokatay,519027,100,1570051969,74,55.7,58.96,47.19,47.19,13.82
314,okmulgee,4544383,40,1570051969,43,35.62,-95.96,91.99,88.0,14.99
315,antigonish,5886182,90,1570051969,87,45.62,-61.99,46.99,45.0,10.29
316,kyabram,2160910,0,1570051970,37,-36.31,145.05,66.0,61.0,8.01
317,plettenberg bay,2853209,47,1570051970,93,51.21,7.87,51.01,43.0,10.29
318,lewisporte,6053446,75,1570051970,80,49.25,-55.06,41.0,41.0,9.17
319,auki,2339937,10,1570051970,77,12.18,6.51,75.9,75.9,8.34
320,greensburg,4326511,40,1570051922,41,30.83,-90.67,96.8,91.0,3.36
321,mendoza,3844421,0,1570051765,11,-32.89,-68.84,62.6,62.6,6.93
322,kosugi,1858695,100,1570051971,47,36.71,137.1,78.01,68.0,8.01
323,bilma,2446796,0,1570051971,15,18.69,12.92,89.79,89.79,9.08
324,peniche,2264923,0,1570051787,67,39.36,-9.38,62.6,55.99,10.29
325,bandarbeyla,64814,25,1570051971,77,9.49,50.81,76.24,76.24,4.65
326,xuddur,49747,67,1570051972,72,4.12,43.89,76.22,76.22,15.17
327,ariano irpino,6541913,75,1570051972,88,40.66,15.02,66.0,59.0,3.36
328,atambua,1651103,41,1570051972,75,-9.11,124.89,76.36,76.36,4.09
329,touros,3386213,0,1570051941,78,-5.2,-35.46,75.2,75.2,5.82
330,rocha,3440777,100,1570051937,94,-34.48,-54.34,51.7,51.7,15.23
331,fairbanks,5861897,90,1570051932,100,64.84,-147.72,37.4,32.0,9.17
332,lithakia,258241,20,1570051973,82,37.72,20.83,73.99,68.0,3.36
333,angoche,1052944,73,1570051973,86,-16.23,39.91,76.83,76.83,5.97
334,dingle,1714733,95,1570051973,91,11.0,122.67,73.07,73.07,2.51
335,okhotsk,2122605,13,1570051973,50,59.36,143.24,28.41,28.41,19.37
336,mount gambier,2654993,77,1570051893,93,53.66,-1.85,46.4,37.0,3.36
337,buraydah,107304,0,1570051974,30,26.33,43.97,84.2,84.2,4.7
338,hofn,2630299,89,1570051974,92,64.25,-15.21,25.55,25.55,1.32
339,carballo,3126369,0,1570051974,87,43.21,-8.69,61.0,51.01,3.31
340,erzin,296852,20,1570051975,83,36.95,36.2,77.0,75.2,3.36
341,chimbote,3698304,0,1570051975,92,-9.08,-78.59,61.91,61.91,12.71
342,pacific grove,5806017,75,1570051885,39,47.26,-122.25,64.99,59.0,1.12
343,solotcha,490846,100,1570051975,70,54.79,39.84,54.0,54.0,4.0
344,atar,2381334,0,1570051975,8,20.52,-13.05,99.57,99.57,9.95
345,naze,2337542,100,1570051976,97,5.43,7.07,72.89,72.89,3.11
346,mildura,2157698,0,1570051976,62,-34.18,142.16,57.99,57.2,3.36
347,sogne,3137971,75,1570051976,93,58.08,7.82,52.0,44.6,4.7
348,orange walk,5379513,1,1570051977,31,33.79,-117.85,86.0,73.99,11.41
349,linqiong,1803365,40,1570051977,94,30.42,103.46,75.0,68.0,0.83
350,tasiilaq,3424607,100,1570051977,73,65.61,-37.64,39.2,39.2,34.45
351,hambantota,1244926,0,1570051978,78,6.12,81.12,81.15,81.15,6.71
352,dallas,4684888,40,1570051907,32,32.78,-96.8,96.8,93.0,6.93
353,gazli,1513990,18,1570051978,36,40.13,63.45,52.06,52.06,6.51
354,nioro,2413070,33,1570051978,80,13.79,-15.05,79.55,79.55,8.99
355,kupang,2057087,0,1570051979,70,-10.16,123.6,75.95,75.95,2.59
356,zapolyarnyy,464790,75,1570051979,80,69.43,30.82,35.6,35.6,17.22
357,kyshtovka,1501000,4,1570051979,74,56.56,76.62,39.07,39.07,11.3
358,nokaneng,933211,0,1570051979,28,-19.66,22.19,64.93,64.93,5.61
359,bichura,2026708,97,1570051980,79,50.59,107.6,28.21,28.21,1.36
360,sao felix do xingu,1275117,31,1570051738,97,20.51,76.21,71.29,71.29,5.68
361,gwadar,1177446,93,1570051980,86,25.12,62.33,82.41,82.41,10.74
362,oktyabrskoye,1511846,0,1570051980,69,56.73,85.44,39.2,37.0,11.18
363,yacuiba,3901178,90,1570051980,59,-22.01,-63.68,62.6,62.6,9.17
364,mondlo,974670,0,1570051981,67,-27.96,30.72,53.02,53.02,4.63
365,nantucket,4944903,75,1570051689,88,41.28,-70.1,66.99,59.0,17.22
366,vysokogornyy,2013216,100,1570051981,95,50.1,139.13,41.86,41.86,5.21
367,lebyazhye,536466,75,1570051981,81,59.96,29.42,42.8,37.99,6.71
368,grindavik,3416888,90,1570051981,75,63.84,-22.43,44.6,44.6,28.86
369,vao,588365,100,1570051982,75,59.1,26.19,44.81,44.81,5.28
370,kutum,371745,47,1570051982,40,14.2,24.66,79.23,79.23,11.14
371,kitimat,5993072,90,1570051982,93,54.02,-128.69,46.4,46.4,2.24
372,west wendover,4740686,1,1570051749,32,31.8,-97.09,96.8,93.0,14.99
373,tsimlyansk,480876,55,1570051982,67,47.65,42.1,56.01,56.01,5.17
374,mehamn,778707,90,1570051983,69,71.03,27.85,39.2,37.4,14.99
375,pakdasht,32767,0,1570051983,30,35.48,51.68,68.0,68.0,4.7
376,pagegiai,596399,100,1570051983,87,55.14,21.91,46.47,46.47,2.82
377,skjervoy,777682,0,1570051983,61,70.03,20.97,41.07,41.07,10.04
378,mackay,5921525,75,1570051984,50,53.65,-115.58,55.4,55.4,4.7
379,torbay,6167817,90,1570051981,86,47.66,-52.73,44.01,41.0,16.11
380,lavrentiya,4031637,66,1570051984,80,65.58,-170.99,38.24,38.24,13.6
381,passagem franca,3406041,1,1570051984,72,-3.13,-41.17,78.04,78.04,9.35
382,lardos,408689,0,1570051984,88,36.09,28.02,75.99,71.6,2.04
383,patacamaya,3908339,97,1570051985,40,-17.23,-67.92,58.24,58.24,14.9
384,sur,286245,62,1570051985,54,22.57,59.53,85.08,85.08,12.82
385,puerto colombia,3838859,75,1570051945,43,-51.62,-69.23,51.8,51.8,24.16
386,comarapa,3919703,91,1570051985,46,-17.91,-64.53,71.92,71.92,3.98
387,skelleftea,602913,24,1570051985,93,64.75,20.95,37.99,35.6,11.41
388,bacolod,1729564,100,1570051986,89,10.68,122.95,77.98,77.98,7.02
389,ambilobe,1082243,51,1570051986,68,-13.19,49.05,75.57,75.57,6.82
390,tottori,1849892,100,1570051986,81,35.5,134.23,71.63,71.63,13.15
391,newburn,2641690,40,1570051987,87,54.98,-1.74,50.0,42.01,5.82
392,kihei,5849297,40,1570051721,78,20.76,-156.45,84.0,77.0,14.99
393,santa isabel do rio negro,1688420,82,1570051917,74,17.49,120.43,83.1,83.1,7.18
394,poum,787487,0,1570052002,93,41.28,20.71,51.8,51.8,3.36
395,chimore,3920736,100,1570052002,90,-16.98,-65.13,71.25,71.25,3.49
396,calvinia,3369174,100,1570052003,48,-31.47,19.78,56.71,56.71,5.91
397,boralday,1526384,40,1570052003,86,43.36,76.86,41.0,41.0,4.47
398,marystown,6067472,99,1570051777,71,47.17,-55.16,44.47,44.47,8.01
399,talhar,1164045,28,1570052003,66,24.88,68.82,80.41,80.41,2.26
400,ossora,2122389,92,1570052004,95,59.24,163.07,37.09,37.09,4.25
401,quime,3906765,59,1570052004,73,-16.98,-67.22,46.47,46.47,8.55
402,komsomolskiy,1486910,61,1570052004,83,67.55,63.78,38.28,38.28,20.07
403,nyurba,2018735,94,1570052004,95,63.29,118.35,24.85,24.85,3.83
404,iida,1861864,73,1570052005,97,35.45,137.9,64.0,63.0,3.15
405,cabo san lucas,3110962,75,1570052005,87,43.18,-5.8,64.0,48.99,1.12
406,batagay-alyta,2027042,100,1570052005,72,67.8,130.41,10.0,10.0,4.85
407,camacha,2270385,40,1570052005,78,33.08,-16.33,71.6,71.6,5.82
408,haines junction,5712169,1,1570052006,32,44.91,-117.94,57.2,53.01,6.93
409,viedma,3832899,0,1570052006,18,-40.81,-62.99,63.0,63.0,11.99
410,ilebo,215976,33,1570052006,94,-4.33,20.59,71.0,71.0,0.87
411,chaihe,2038198,0,1570052006,88,44.77,129.68,50.98,50.98,2.44
412,flinders,6255012,0,1570052007,48,-34.58,150.85,66.0,57.99,12.75
413,horodyshche,702116,44,1570052007,51,50.76,29.29,62.6,62.6,13.42
414,iqaluit,5983720,75,1570051914,86,63.75,-68.52,37.4,37.0,11.41
415,manuk mangkaw,1630798,94,1570052007,94,-7.9,111.5,67.85,67.85,2.98
416,sarangani,1687186,2,1570052008,75,5.4,125.46,81.48,81.48,4.72
417,bantou,1796663,0,1570052008,70,26.22,117.49,66.86,66.86,1.05
418,dolores,3442750,100,1570052008,80,-33.53,-58.22,57.99,57.99,10.0
419,ulaangom,1515029,0,1570052008,46,49.98,92.07,27.76,27.76,0.09
420,juneau,5554072,75,1570052008,81,58.3,-134.42,52.0,51.8,10.29
421,karaton,1630058,20,1570052009,88,-6.34,106.1,75.2,75.0,3.36
422,darnah,87205,0,1570052009,72,32.77,22.64,75.73,75.73,9.71
423,churachandpur,1273909,6,1570052009,98,24.33,93.67,63.85,63.85,2.1
424,palmer,2067070,75,1570052010,82,-34.85,139.16,59.0,52.0,5.82
425,maragogi,3395458,0,1570052010,85,-9.01,-35.22,72.26,72.26,5.7
426,fort saint john,1252948,100,1570052010,87,17.96,79.61,75.3,75.3,1.86
427,kysyl-syr,2021017,78,1570052010,91,63.9,122.77,22.44,22.44,4.74
428,manado,1636544,20,1570052010,94,1.49,124.85,71.6,71.6,2.24
429,puertollano,2512177,0,1570052011,51,38.69,-4.11,66.0,59.0,1.12
430,limon,5428504,1,1570052011,37,39.26,-103.69,73.0,62.01,13.87
431,coahuayana,3981460,100,1570052011,70,18.62,-100.35,81.8,81.8,2.89
432,tautira,4033557,20,1570052011,61,-17.73,-149.15,82.4,82.0,8.05
433,nanortalik,3421765,100,1570052012,74,60.14,-45.24,42.78,42.78,2.42
434,formosa,3463140,1,1570052012,25,-15.55,-47.33,82.02,82.02,5.64
435,husavik,5961417,31,1570052012,74,50.56,-96.99,45.0,43.0,6.8
436,chenghai,1795940,0,1570052012,94,23.46,116.77,77.0,77.0,2.24
437,taber,6160919,20,1570051917,74,49.79,-112.14,37.4,37.4,12.75
438,bafoulabe,2460755,94,1570052013,66,13.81,-10.83,84.14,84.14,2.1
439,clive,4852065,90,1570051998,87,41.61,-93.78,62.6,57.99,2.53
440,colares,2269142,0,1570052013,72,38.8,-9.45,64.99,57.99,10.29
441,yate,2633406,28,1570052013,75,51.54,-2.41,46.99,39.0,4.7
442,sechura,3691954,35,1570052014,88,-5.56,-80.82,64.21,64.21,17.18
443,manjo,2228499,100,1570052014,96,4.85,9.82,69.27,69.27,0.31
444,drochtersen,2934915,75,1570052014,76,53.71,9.39,50.0,46.99,13.87
445,zhuanghe,1784055,0,1570052014,34,39.7,122.97,66.0,66.0,5.01
446,curuguaty,3437088,67,1570052015,72,-24.47,-55.69,79.87,79.87,3.98
447,lata,1253628,1,1570051984,85,30.78,78.62,31.36,31.36,1.54
448,arman,2127060,100,1570052015,83,59.7,150.17,25.21,25.21,5.37
449,abu jubayhah,1863418,96,1570052015,81,34.51,131.49,77.34,77.34,25.77
450,kisangani,212730,96,1570052015,96,0.52,25.21,71.0,71.0,1.97
451,itoman,1861280,40,1570052016,88,26.12,127.67,80.6,77.0,6.29
452,kharp,1503726,99,1570052016,91,66.82,65.8,33.79,33.79,5.01
453,tremedal,3446198,72,1570052016,50,-14.98,-41.41,76.74,76.74,10.96
454,anton lizardo,3714710,90,1570052016,83,8.4,-80.27,82.99,78.8,10.29
455,maceio,3395981,20,1570052002,78,-9.67,-35.74,77.0,77.0,10.29
456,turmero,3625829,75,1570052017,66,10.23,-67.47,84.2,84.2,2.24
457,sinnamary,3380290,21,1570052017,77,5.38,-52.96,82.12,82.12,21.45
458,kyaka,156124,20,1570052017,88,-1.25,31.42,68.0,68.0,5.82
459,upata,3625710,94,1570052017,73,8.02,-62.41,82.68,82.68,3.96
460,sisimiut,3419842,100,1570051747,67,66.94,-53.67,41.07,41.07,6.29
461,araouane,2460954,91,1570052018,15,18.9,-3.53,97.35,97.35,5.46
462,tabas,113659,0,1570052018,20,33.6,56.92,82.4,82.4,6.93
463,prince george,6113332,1,1570052018,59,52.97,-108.38,51.01,50.0,9.17
464,linxi,1919629,0,1570052018,94,23.65,116.7,77.0,77.0,2.24
465,cururupu,3401148,59,1570052018,80,-1.82,-44.87,77.59,77.59,3.98
466,bismarck,5688025,90,1570051726,86,46.81,-100.78,39.2,36.0,8.05
467,kirkenaer,3150261,75,1570052019,70,60.46,12.06,44.6,42.8,6.93
468,pedernales,3653307,77,1570052019,83,0.07,-80.05,74.46,74.46,13.73
469,sault sainte marie,6617837,0,1570052019,67,44.09,5.41,64.4,60.8,21.92
470,iskateley,866062,100,1570052019,88,67.68,53.15,34.39,34.39,9.93
471,bubaque,2374583,100,1570052020,83,11.28,-15.83,81.15,81.15,10.38
472,ventanas,3868621,0,1570052020,51,-32.74,-71.48,62.6,55.4,12.75
473,sangar,2017215,0,1570052020,76,63.92,127.47,22.45,22.45,6.6
474,ixtapa,4004293,75,1570052020,66,20.71,-105.21,86.0,84.99,11.41
475,borovskoy,1525121,81,1570052021,56,53.8,64.15,42.67,42.67,9.51
476,ostrovnoy,556268,97,1570052021,73,68.05,39.51,34.39,34.39,20.65
477,ahuimanu,5856516,75,1570052021,62,21.44,-157.84,87.01,80.6,16.11
478,santa barbara,1688420,82,1570052021,74,17.49,120.43,83.1,83.1,7.18
479,kobryn,627145,100,1570052022,96,52.21,24.36,56.85,56.85,6.46
480,san policarpo,2451778,35,1570051802,60,13.3,-4.9,81.76,81.76,7.94
481,labuhan,1641899,64,1570052022,93,-2.54,115.51,70.87,70.87,1.59
482,kasongo-lunda,2315026,100,1570052022,94,-6.48,16.82,68.21,68.21,1.39
483,bouca,2387890,100,1570052022,97,6.51,18.28,69.69,69.69,1.28
484,campbellton,6696258,28,1570052023,62,48.0,-66.68,41.32,41.32,8.21
485,kavieng,2094342,100,1570052023,77,-2.57,150.8,81.44,81.44,5.03
486,dakar,2253354,75,1570051986,88,14.69,-17.45,82.4,82.4,12.08
487,altay,1529651,0,1570051976,39,47.83,88.13,29.62,29.62,9.17
488,kendari,1640344,40,1570052024,96,-3.99,122.52,70.24,70.24,3.04
489,orange cove,5379513,1,1570051977,31,33.79,-117.85,86.0,73.99,11.41
490,kelvington,5990669,0,1570052024,53,52.16,-103.52,46.36,46.36,7.14
491,burnie,2173125,0,1570052024,60,-41.05,145.91,57.0,51.01,1.99
492,ternate,1682474,75,1570052025,83,14.29,120.72,77.0,73.99,4.7
493,puerto del rosario,3838859,75,1570051898,43,-51.62,-69.23,51.8,51.8,24.16
494,tapejara,3446923,35,1570051968,77,-23.73,-52.87,74.26,74.26,19.35
495,varzelandia,3445442,0,1570052025,29,-15.7,-44.03,84.46,84.46,5.08
496,almaznyy,582447,0,1570052025,76,48.03,40.04,57.2,57.2,8.95
497,kokuy,2021908,11,1570052026,57,52.2,117.55,27.69,27.69,3.96
498,gulf gate estates,1064890,88,1570052026,92,-21.43,47.12,61.15,61.15,10.27
499,narrabri,2155742,31,1570052026,48,-30.33,149.78,66.2,66.0,18.34
500,thinadhoo,1337610,97,1570052026,80,0.53,72.93,82.39,82.39,15.14
501,roald,3141667,75,1570052027,76,62.58,6.12,48.2,41.0,12.75
502,laguna,3581398,40,1570052027,79,16.17,-88.94,86.0,86.0,4.7
503,humaita,3838233,0,1570052027,25,-24.93,-65.37,59.0,59.0,8.05
504,padang,1633419,43,1570052027,84,-0.92,100.36,77.86,77.86,14.5
505,kalnibolotskaya,553955,0,1570052028,53,46.01,40.45,64.0,64.0,10.65
506,marienburg,2803461,75,1570052028,81,52.12,9.98,52.0,46.0,16.11
507,swan hill,4850411,75,1570052028,100,41.47,-93.31,63.0,59.0,8.05
508,praia da vitoria,3460954,0,1570051975,27,-20.25,-43.81,87.8,86.0,13.87
509,umea,602150,90,1570052028,86,63.83,20.26,37.4,37.4,13.87
510,cayambe,3659578,75,1570052028,68,0.04,-78.14,64.4,64.4,14.99
511,constitucion,4011743,75,1570052029,27,23.99,-104.67,78.8,77.0,11.41
512,ratnapura,1275738,99,1570052029,86,17.9,77.63,73.03,73.03,1.88
513,virginia beach,4252071,75,1570051888,55,39.95,-90.21,88.0,84.0,8.05
514,cap malheureux,2978758,75,1570052029,75,49.27,-1.21,50.0,46.4,3.36
515,baruun-urt,2032614,100,1570052030,94,46.68,113.28,33.02,33.02,18.61
516,manavalakurichi,1263942,75,1570052030,88,8.13,77.3,78.8,78.8,4.7
517,saint-gaudens,2980045,90,1570052030,87,43.11,0.72,62.01,55.99,4.7
518,fukue,1848373,75,1570052030,73,35.03,136.69,77.0,73.0,11.41
519,harboore,2620767,70,1570052031,87,56.62,8.18,48.0,46.0,9.17
520,baturaja,1649593,43,1570052031,86,-4.12,104.17,71.54,71.54,2.48
521,bezenchuk,576590,4,1570052031,89,52.99,49.43,51.87,51.87,6.46
522,holme,2624652,94,1570052031,81,56.11,10.17,50.0,46.0,8.05
523,ridgecrest,5387494,1,1570051851,11,35.62,-117.67,77.0,75.0,9.17
524,preobrazheniye,2017658,100,1570052032,85,42.9,133.91,57.27,57.27,3.27
525,shinuhayr,174769,0,1570052032,53,39.43,46.32,46.47,46.47,1.05
526,lakes entrance,4300339,40,1570052032,34,37.5,-83.94,95.0,91.4,6.93
